title,year,poster,plot
A.I. Artificial Intelligence,2001,https://m.media-amazon.com/images/M/MV5BNWU2NzEyMDYtM2MyOS00OGM3LWFkNzAtMzRiNzE2ZjU5ZTljXkEyXkFqcGdeQXVyNjU0OTQ0OTY@._V1_SX300.jpg,"A highly advanced robotic boy longs to become ""real"" so that he can regain the love of his human mother."
After the Sunset,2004,https://m.media-amazon.com/images/M/MV5BNmZkOGM5NjUtMDM1MC00NDNmLWI1NzItOWFjOTczYmIxOTIyXkEyXkFqcGdeQXVyNTIzOTk5ODM@._V1_SX300.jpg,"The story of what happens after a master thief achieves his last big score, when the F.B.I. Agent who promised he'd capture him, is about to do just that."
Alien,1979,https://m.media-amazon.com/images/M/MV5BOGQzZTBjMjQtOTVmMS00NGE5LWEyYmMtOGQ1ZGZjNmRkYjFhXkEyXkFqcGdeQXVyMjUzOTY1NTc@._V1_SX300.jpg,The crew of a commercial spacecraft encounters a deadly lifeform after investigating a mysterious transmission of unknown origin.
Alien 3,1992,https://m.media-amazon.com/images/M/MV5BYTNiYmQzNTctNzAyZC00ODY2LWE3ZjgtODU1NDA0NGI5ZDY1XkEyXkFqcGdeQXVyMTMxODk2OTU@._V1_SX300.jpg,"Returning from LV-426, Ellen Ripley crash-lands on the maximum-security prison Fiorina 161, where she discovers that she has unwittingly brought along an unwelcome visitor."
Alien: Resurrection,1997,https://m.media-amazon.com/images/M/MV5BNDljNGZkNmItNDlmMi00YzJhLWJiYWUtNGY4OGEwNmY0ODg4XkEyXkFqcGdeQXVyNTAyODkwOQ@@._V1_SX300.jpg,"Two centuries after her death, a powerful human/alien hybrid clone of Ellen Ripley aids a crew of space pirates in stopping the aliens from reaching Earth."
Alien vs. Predator,2004,https://m.media-amazon.com/images/M/MV5BMTU4MjIwMTcyMl5BMl5BanBnXkFtZTYwMTYwNDA3._V1_SX300.jpg,"During an archaeological expedition on Bouvetøya Island in Antarctica, a team of archaeologists and other scientists find themselves caught up in a battle between the two legends. Soon, the team realize that only one species can win."
Aliens,1986,https://m.media-amazon.com/images/M/MV5BOGJkY2EyOWYtYWRmNy00ZTEzLTllMDAtYzYzYjA0ZjFhZWJjXkEyXkFqcGdeQXVyMTUzMDUzNTI3._V1_SX300.jpg,"Decades after surviving the Nostromo incident, Ellen Ripley is sent out to re-establish contact with a terraforming colony but finds herself battling the Alien Queen and her offspring."
Aliens vs. Predator: Requiem,2007,https://m.media-amazon.com/images/M/MV5BMTI5NDY2NDUwM15BMl5BanBnXkFtZTYwNzQxMTA3._V1_SX300.jpg,"Warring Alien and Predator races descend on a rural Colorado town, where unsuspecting residents must band together for any chance of survival."
Ant-Man,2015,https://m.media-amazon.com/images/M/MV5BMjM2NTQ5Mzc2M15BMl5BanBnXkFtZTgwNTcxMDI2NTE@._V1_SX300.jpg,"Armed with a super-suit with the astonishing ability to shrink in scale but increase in strength, cat burglar Scott Lang must embrace his inner hero and help his mentor, Dr. Hank Pym, pull off a plan that will save the world."
Aquaman,2018,https://m.media-amazon.com/images/M/MV5BOTk5ODg0OTU5M15BMl5BanBnXkFtZTgwMDQ3MDY3NjM@._V1_SX300.jpg,"Arthur Curry, the human-born heir to the underwater kingdom of Atlantis, goes on a quest to prevent a war between the worlds of ocean and land."
Avengers: Age of Ultron,2015,https://m.media-amazon.com/images/M/MV5BMTM4OGJmNWMtOTM4Ni00NTE3LTg3MDItZmQxYjc4N2JhNmUxXkEyXkFqcGdeQXVyNTgzMDMzMTg@._V1_SX300.jpg,"When Tony Stark and Bruce Banner try to jump-start a dormant peacekeeping program called Ultron, things go horribly wrong and it's up to Earth's mightiest heroes to stop the villainous Ultron from enacting his terrible plan."
Back to the Future,1985,https://m.media-amazon.com/images/M/MV5BZmU0M2Y1OGUtZjIxNi00ZjBkLTg1MjgtOWIyNThiZWIwYjRiXkEyXkFqcGdeQXVyMTQxNzMzNDI@._V1_SX300.jpg,"Marty McFly, a 17-year-old high school student, is accidentally sent 30 years into the past in a time-traveling DeLorean invented by his close friend, the maverick scientist Doc Brown."
Back to the Future Part II,1989,https://m.media-amazon.com/images/M/MV5BZTMxMGM5MjItNDJhNy00MWI2LWJlZWMtOWFhMjI5ZTQwMWM3XkEyXkFqcGdeQXVyMTQxNzMzNDI@._V1_SX300.jpg,"After visiting 2015, Marty McFly must repeat his visit to 1955 to prevent disastrous changes to 1985...without interfering with his first trip."
Back to the Future Part III,1990,https://m.media-amazon.com/images/M/MV5BYjhlMGYxNmMtOWFmMi00Y2M2LWE5NWYtZTdlMDRlMGEzMDA3XkEyXkFqcGdeQXVyMTQxNzMzNDI@._V1_SX300.jpg,"Stranded in 1955, Marty McFly learns about the death of Doc Brown in 1885 and must travel back in time to save him. With no fuel readily available for the DeLorean, the two must figure how to escape the Old West before Emmett is m..."
Battleship,2012,https://m.media-amazon.com/images/M/MV5BMjI5NTM5MDA2N15BMl5BanBnXkFtZTcwNjkwMzQxNw@@._V1_SX300.jpg,A fleet of ships is forced to do battle with an armada of unknown origins in order to discover and thwart their destructive goals.
Black Panther,2018,https://m.media-amazon.com/images/M/MV5BMTg1MTY2MjYzNV5BMl5BanBnXkFtZTgwMTc4NTMwNDI@._V1_SX300.jpg,"T'Challa, heir to the hidden but advanced kingdom of Wakanda, must step forward to lead his people into a new future and must confront a challenger from his country's past."
Captain America: Civil War,2016,https://m.media-amazon.com/images/M/MV5BMjQ0MTgyNjAxMV5BMl5BanBnXkFtZTgwNjUzMDkyODE@._V1_SX300.jpg,Political involvement in the Avengers' affairs causes a rift between Captain America and Iron Man.
Captain America: The First Avenger,2011,https://m.media-amazon.com/images/M/MV5BNzAxMjg0NjYtNjNlOS00NTdlLThkMGEtMjAwYjk3NmNkOGFhXkEyXkFqcGdeQXVyNTgzMDMzMTg@._V1_SX300.jpg,"Steve Rogers, a rejected military soldier, transforms into Captain America after taking a dose of a ""Super-Soldier serum"". But being Captain America comes at a price as he attempts to take down a warmonger and a terrorist organiza..."
Captain America: The Winter Soldier,2014,https://m.media-amazon.com/images/M/MV5BYzMyN2I0NjMtYmZhZS00MWJkLWE1MTktNGM2ZDhmNDE1ZDc0XkEyXkFqcGdeQXVyNDg2NzE0MjE@._V1_SX300.jpg,"As Steve Rogers struggles to embrace his role in the modern world, he teams up with a fellow Avenger and S.H.I.E.L.D agent, Black Widow, to battle a new threat from history: an assassin known as the Winter Soldier."
Captain Marvel,2019,https://m.media-amazon.com/images/M/MV5BMTE0YWFmOTMtYTU2ZS00ZTIxLWE3OTEtYTNiYzBkZjViZThiXkEyXkFqcGdeQXVyODMzMzQ4OTI@._V1_SX300.jpg,Carol Danvers becomes one of the universe's most powerful heroes when Earth is caught in the middle of a galactic war between two alien races.
Casino Royale,2006,https://m.media-amazon.com/images/M/MV5BZmI0MTBlNmMtZGE0My00YTk1LThiZTUtZTMwNzk5NmEzOThkXkEyXkFqcGdeQXVyNDY2MTk1ODk@._V1_SX300.jpg,"After earning a licence to kill, secret agent James Bond sets out on his first mission as 007. Bond must defeat a private banker funding terrorists in a high-stakes game of poker at Casino Royale, in Montenegro."
Chappie,2015,https://m.media-amazon.com/images/M/MV5BMTUyNTI4NTIwNl5BMl5BanBnXkFtZTgwMjQ4MTI0NDE@._V1_SX300.jpg,"In the near future, crime is patrolled by a mechanized police force. When one police droid, Chappie, is stolen and given new programming, he becomes the first robot with the ability to think and feel for himself."
Clash of the Titans,2010,https://m.media-amazon.com/images/M/MV5BMTYxNjg4MzU5OV5BMl5BanBnXkFtZTcwOTA3NTUwMw@@._V1_SX300.jpg,"Perseus, a demigod and the son of Zeus, battles the minions of Hades and the Underworld in order to stop them from conquering Olympus and Earth."
Clear and Present Danger,1994,https://m.media-amazon.com/images/M/MV5BM2NlMTk4MzMtZTRmMS00ZWM1LWFjZGUtNmRmYTZjZjg1OTBlXkEyXkFqcGdeQXVyMjUzOTY1NTc@._V1_SX300.jpg,CIA Analyst Jack Ryan is drawn into an illegal war fought by the US government against a Colombian drug cartel.
Creed,2015,https://m.media-amazon.com/images/M/MV5BNmZkYjQzY2QtNjdkNC00YjkzLTk5NjUtY2MyNDNiYTBhN2M2XkEyXkFqcGdeQXVyMjMwNDgzNjc@._V1_SX300.jpg,"The former World Heavyweight Champion Rocky Balboa serves as a trainer and mentor to Adonis Johnson, the son of his late friend and former rival Apollo Creed."
Cube,1997,https://m.media-amazon.com/images/M/MV5BZTIyZGM3NDItMTNmNS00Yzc4LTg2MzItOWY4MTE1NDlmZDIyXkEyXkFqcGdeQXVyMTAwMzUyOTc@._V1_SX300.jpg,A group of strangers awaken to find themselves placed in a giant cube. Each one of them is gifted with a special skill and they must work together to escape an endless maze of deadly traps.
Cube Zero,2004,https://m.media-amazon.com/images/M/MV5BZjA3ZmQ3YWQtM2ViNS00Mzk4LTk1ZWQtMWIyZTdkYzA5NjJkXkEyXkFqcGdeQXVyNTIzOTk5ODM@._V1_SX300.jpg,A young programmer whose job is to watch over the reality-warping Cube defies orders to rescue an innocent mother trapped in one of its rooms.
Dante's Peak,1997,https://m.media-amazon.com/images/M/MV5BMTA1MWM3Y2MtM2YyMS00ZGI1LTgwMGQtMzczYjA5ZThmZTQ1XkEyXkFqcGdeQXVyNDk3NzU2MTQ@._V1_SX300.jpg,"A volcanologist arrives at a countryside town recently named the second-most desirable place to live in America, and discovers that the long-dormant volcano, Dante's Peak, may wake up at any moment."
Dawn of the Planet of the Apes,2014,https://m.media-amazon.com/images/M/MV5BYWE2MzU2ZGUtYTY1Yi00ZTI5LWE4NzMtNWM1NzRhMDQ3ZjM3XkEyXkFqcGdeQXVyNjc5NjEzNA@@._V1_SX300.jpg,The fragile peace between apes and humans is threatened as mistrust and betrayal threaten to plunge both tribes into a war for dominance over the Earth.
Die Another Day,2002,https://m.media-amazon.com/images/M/MV5BMDlmY2Y2ZWQtNTZjMy00NGRkLTlkMjctMjA1MzdjMmI1NTQ1XkEyXkFqcGdeQXVyMTUzMDUzNTI3._V1_SX300.jpg,"James Bond is sent to investigate the connection between a North Korean terrorist and a diamond mogul, who is funding the development of an international space weapon."
Doctor Strange,2016,https://m.media-amazon.com/images/M/MV5BNjgwNzAzNjk1Nl5BMl5BanBnXkFtZTgwMzQ2NjI1OTE@._V1_SX300.jpg,"While on a journey of physical and spiritual healing, a brilliant neurosurgeon is drawn into the world of the mystic arts."
Dragonfly,2002,https://m.media-amazon.com/images/M/MV5BNjNhYWZjN2EtNTI5ZC00ZjE5LTgwMDYtOGZmNmM3MDBjZGZmXkEyXkFqcGdeQXVyMTQxNzMzNDI@._V1_SX300.jpg,A grieving doctor is being contacted by his deceased wife through his patients' near death experiences.
Escape from the Planet of the Apes,1971,https://m.media-amazon.com/images/M/MV5BNWE5NTQ4ZDQtNjUyMC00NjA3LTk1NTctNmRkYTUyMTFmYTI1L2ltYWdlL2ltYWdlXkEyXkFqcGdeQXVyMTQxNzMzNDI@._V1_SX300.jpg,"The world is shocked by the appearance of three talking chimpanzees, who arrived mysteriously in a U.S. spacecraft. They become the toast of society, but one man believes them to be a threat to the human race."
Fantastic Four,2005,https://m.media-amazon.com/images/M/MV5BNWU1ZjFjMTctYjA5ZC00YTBkLTkzZjUtZWEyMjgxY2MxYWM4XkEyXkFqcGdeQXVyMTQxNzMzNDI@._V1_SX300.jpg,"A group of astronauts gain superpowers after a cosmic radiation exposure and must use them to oppose the plans of their enemy, Doctor Victor Von Doom."
Fantastic Four: Rise of the Silver Surfer,2007,https://m.media-amazon.com/images/M/MV5BODA4YTc5N2QtNzQyYS00ZDUzLWI3M2UtZWI2OWVhOGZlN2MxXkEyXkFqcGdeQXVyMTQxNzMzNDI@._V1_SX300.jpg,The Fantastic Four learn that they aren't the only super-powered beings in the universe when they square off against the powerful Silver Surfer and the planet-eating Galactus.
First Blood,1982,https://m.media-amazon.com/images/M/MV5BODBmOWU2YWMtZGUzZi00YzRhLWJjNDAtYTUwNWVkNDcyZmU5XkEyXkFqcGdeQXVyNDk3NzU2MTQ@._V1_SX300.jpg,A veteran Green Beret is forced by a cruel Sheriff and his deputies to flee into the mountains and wage an escalating one-man war against his pursuers.
GoldenEye,1995,https://m.media-amazon.com/images/M/MV5BOWI0MTJlMjEtYTI0ZS00NWZiLWE1ZmItYzBlZTE5YTk3NTJiXkEyXkFqcGdeQXVyMTEwNDU1MzEy._V1_SX300.jpg,"When a powerful secret defense system is stolen, James Bond is assigned to stop a Russian crime syndicate from using it."
Guardians of the Galaxy,2014,https://m.media-amazon.com/images/M/MV5BNDIzMTk4NDYtMjg5OS00ZGI0LWJhZDYtMzdmZGY1YWU5ZGNkXkEyXkFqcGdeQXVyMTI5NzUyMTIz._V1_SX300.jpg,A group of intergalactic criminals must pull together to stop a fanatical warrior with plans to purge the universe.
Iron Man,2008,https://m.media-amazon.com/images/M/MV5BMTczNTI2ODUwOF5BMl5BanBnXkFtZTcwMTU0NTIzMw@@._V1_SX300.jpg,"After being held captive in an Afghan cave, billionaire engineer Tony Stark creates a unique weaponized suit of armor to fight evil."
Iron Man 2,2010,https://m.media-amazon.com/images/M/MV5BZGVkNDAyM2EtYzYxYy00ZWUxLTgwMjgtY2VmODE5OTk3N2M5XkEyXkFqcGdeQXVyNTgzMDMzMTg@._V1_SX300.jpg,"With the world now aware of his identity as Iron Man, Tony Stark must contend with both his declining health and a vengeful mad man with ties to his father's legacy."
Jacob's Ladder,1990,https://m.media-amazon.com/images/M/MV5BZTg5MTMyNjktNTZhOC00MGFlLWFlMTMtZGU2MjE3OWQ3NjJkXkEyXkFqcGdeQXVyNzkwMjQ5NzM@._V1_SX300.jpg,"Mourning his dead child, a haunted Vietnam War veteran attempts to uncover his past while suffering from a severe case of dissociation. To do so, he must decipher reality and life from his own dreams, delusions, and perceptions of..."
Jurassic Park,1993,https://m.media-amazon.com/images/M/MV5BMjM2MDgxMDg0Nl5BMl5BanBnXkFtZTgwNTM2OTM5NDE@._V1_SX300.jpg,A pragmatic paleontologist touring an almost complete theme park on an island in Central America is tasked with protecting a couple of kids after a power failure causes the park's cloned dinosaurs to run loose.
Jurassic Park III,2001,https://m.media-amazon.com/images/M/MV5BZDMyZGJjOGItYjJkZC00MDVlLWE0Y2YtZGIwMDExYWE3MGQ3XkEyXkFqcGdeQXVyNDYyMDk5MTU@._V1_SX300.jpg,"A decidedly odd couple with ulterior motives convince Dr. Grant to go to Isla Sorna for a holiday, but their unexpected landing startles the island's new inhabitants."
Jurassic World,2015,https://m.media-amazon.com/images/M/MV5BNzQ3OTY4NjAtNzM5OS00N2ZhLWJlOWUtYzYwZjNmOWRiMzcyXkEyXkFqcGdeQXVyMTMxODk2OTU@._V1_SX300.jpg,"A new theme park, built on the original site of Jurassic Park, creates a genetically modified hybrid dinosaur, the Indominus Rex, which escapes containment and goes on a killing spree."
King Kong,2005,https://m.media-amazon.com/images/M/MV5BMjYxYmRlZWYtMzAwNC00MDA1LWJjNTItOTBjMzlhNGMzYzk3XkEyXkFqcGdeQXVyMTQxNzMzNDI@._V1_SX300.jpg,"A greedy film producer assembles a team of moviemakers and sets out for the infamous Skull Island, where they find more than just cannibalistic natives."
Lara Croft: Tomb Raider,2001,https://m.media-amazon.com/images/M/MV5BNzMzODVjMWUtYmIxZS00NDlkLTlmNTktNjI5NTdhZjUzYzY1XkEyXkFqcGdeQXVyMTQxNzMzNDI@._V1_SX300.jpg,Video game adventurer Lara Croft comes to life in a movie where she races against time and villains to recover powerful ancient artifacts.
Lara Croft: Tomb Raider - The Cradle of Life,2003,https://m.media-amazon.com/images/M/MV5BYzYxOTgxYjAtNGI3MS00NDJkLTkyZWItZGM5MzRhOGYwYjlmL2ltYWdlXkEyXkFqcGdeQXVyMTQxNzMzNDI@._V1_SX300.jpg,"Adventurer Lara Croft goes on a quest to save the mythical Pandora's Box, before an evil scientist finds it, and recruits a former Marine turned mercenary to assist her."
Lethal Weapon,1987,https://m.media-amazon.com/images/M/MV5BZTllNWNlZjctMWQwMS00ZDc3LTg5ZjMtNzhmNzhjMmVhYTFlXkEyXkFqcGdeQXVyNTc1NTQxODI@._V1_SX300.jpg,Two newly paired cops who are complete opposites must put aside their differences in order to catch a gang of drug smugglers.
Lethal Weapon 2,1989,https://m.media-amazon.com/images/M/MV5BYTg0YmE1M2ItNGM2OC00MmZjLTgwMTMtZjlmOGE4N2EyNTVhXkEyXkFqcGdeQXVyMTQxNzMzNDI@._V1_SX300.jpg,Riggs and Murtaugh are on the trail of South African diplomats who are using their immunity to engage in criminal activities.
Lethal Weapon 3,1992,https://m.media-amazon.com/images/M/MV5BOTFlNjI0NDQtMzlkNC00ZDU0LWE0ODktYmI2OTc2YjZlZmVlXkEyXkFqcGdeQXVyMTQxNzMzNDI@._V1_SX300.jpg,Martin Riggs and Roger Murtaugh pursue a former LAPD officer who uses his knowledge of police procedure and policies to steal and sell confiscated guns and ammunition to local street gangs.
Lethal Weapon 4,1998,https://m.media-amazon.com/images/M/MV5BZWVhNGZhMWUtYjZlNy00NjBmLWJjNmYtOGM0YTZkMGY2ODJkXkEyXkFqcGdeQXVyMTcwOTQzOTYy._V1_SX300.jpg,"With personal crises and age weighing in on them, LAPD officers Riggs and Murtaugh must contend with deadly Chinese triads that are trying to free their former leaders out of prison and onto American soil."
Licence to Kill,1989,https://m.media-amazon.com/images/M/MV5BMjA2ODZjOWEtMWJjNy00MWYzLTk0MGItMmE5ODBlYjI4MDY3XkEyXkFqcGdeQXVyMjUzOTY1NTc@._V1_SX300.jpg,A vengeful James Bond goes rogue to infiltrate and take down the organization of a drug lord who has murdered his friend's new wife and left him near death.
Live and Let Die,1973,https://m.media-amazon.com/images/M/MV5BMzY0M2MzODYtZDU5Yy00YTg2LWJmMGQtNmY1OWZiYjlmNzY0XkEyXkFqcGdeQXVyNjc1NTYyMjg@._V1_SX300.jpg,James Bond is sent to stop a diabolically brilliant heroin magnate armed with a complex organisation and a reliable psychic tarot card reader.
Logan,2017,https://m.media-amazon.com/images/M/MV5BYzc5MTU4N2EtYTkyMi00NjdhLTg3NWEtMTY4OTEyMzJhZTAzXkEyXkFqcGdeQXVyNjc1NTYyMjg@._V1_SX300.jpg,"In a future where mutants are nearly extinct, an elderly and weary Logan leads a quiet life. But when Laura, a mutant child pursued by scientists, comes to him for help, he must get her to safety."
Man of Steel,2013,https://m.media-amazon.com/images/M/MV5BMTk5ODk1NDkxMF5BMl5BanBnXkFtZTcwNTA5OTY0OQ@@._V1_SX300.jpg,An alien child is evacuated from his dying world and sent to Earth to live among humans. His peace is threatened when other survivors of his home planet invade Earth.
Manhattan,1979,https://m.media-amazon.com/images/M/MV5BZGE2NjI5MjAtODQwYy00OGJkLWJiZTEtMTU0NzVlMTkzNjFjXkEyXkFqcGdeQXVyMTUzMDUzNTI3._V1_SX300.jpg,The life of a divorced television writer dating a teenage girl is further complicated when he falls in love with his best friend's mistress.
Men in Black,1997,https://m.media-amazon.com/images/M/MV5BOTlhYTVkMDktYzIyNC00NzlkLTlmN2ItOGEyMWQ4OTA2NDdmXkEyXkFqcGdeQXVyNTAyODkwOQ@@._V1_SX300.jpg,"James, an NYC cop, is hired by Agent K of a secret government agency that monitors extraterrestrial life on Earth. Together, they must recover an item that has been stolen by an intergalactic villain."
Men in Black II,2002,https://m.media-amazon.com/images/M/MV5BMTMxNDA0NTMxMV5BMl5BanBnXkFtZTYwMDE2NzY2._V1_SX300.jpg,Agent J is sent to find Agent K and restore his memory after the re-appearance of a case from K's past.
Mr. and Mrs. Smith,2007,https://m.media-amazon.com/images/M/MV5BNDVjZjYxMDYtYzQ2Zi00MGRiLWFkYTYtM2Q1NWM2NWI1ODJkXkEyXkFqcGdeQXVyNjU0NTI0Nw@@._V1_SX300.jpg,"Newly relocated to the suburbs, married assassins John and Jane Smith have re-established their respective businesses, though the marital issues that plagued them in the past have returned."
No Time to Die,2021,https://m.media-amazon.com/images/M/MV5BYWQ2NzQ1NjktMzNkNS00MGY1LTgwMmMtYTllYTI5YzNmMmE0XkEyXkFqcGdeQXVyMjM4NTM5NDY@._V1_SX300.jpg,"James Bond has left active service. His peace is short-lived when Felix Leiter, an old friend from the CIA, turns up asking for help, leading Bond onto the trail of a mysterious villain armed with dangerous new technology."
Now You See Me 2,2016,https://m.media-amazon.com/images/M/MV5BYjhlNDljNTgtZjc4My00NmZmLTk2YzAtYWE5MDYwYjM4MTkzXkEyXkFqcGdeQXVyODE5NzE3OTE@._V1_SX300.jpg,"The Four Horsemen resurface, and are forcibly recruited by a tech genius to pull off their most impossible heist yet."
Patriot Games,1992,https://m.media-amazon.com/images/M/MV5BOTVhMWNkZDgtMzkzNy00MGJmLThkYzItNWE5YmMxMDAxNTgxXkEyXkFqcGdeQXVyMjUzOTY1NTc@._V1_SX300.jpg,"When CIA analyst Jack Ryan interferes with an IRA assassination, a renegade faction targets him and his family for revenge."
Pirates of the Caribbean: At World's End,2007,https://m.media-amazon.com/images/M/MV5BMjIyNjkxNzEyMl5BMl5BanBnXkFtZTYwMjc3MDE3._V1_SX300.jpg,"Captain Barbossa, Will Turner and Elizabeth Swann must sail off the edge of the map, navigate treachery and betrayal, find Jack Sparrow, and make their final alliances for one last decisive battle."
Pirates of the Caribbean: Dead Man's Chest,2006,https://m.media-amazon.com/images/M/MV5BMTcwODc1MTMxM15BMl5BanBnXkFtZTYwMDg1NzY3._V1_SX300.jpg,"Jack Sparrow races to recover the heart of Davy Jones to avoid enslaving his soul to Jones' service, as other friends and foes seek the heart for their own agenda as well."
Pirates of the Caribbean: Dead Men Tell No Tales,2017,https://m.media-amazon.com/images/M/MV5BMTYyMTcxNzc5M15BMl5BanBnXkFtZTgwOTg2ODE2MTI@._V1_SX300.jpg,Captain Jack Sparrow searches for the Trident of Poseidon to rule the sea while being pursued by old rival Captain Salazar and a crew of deadly ghosts who have escaped from the Devil's Triangle.
Pirates of the Caribbean: On Stranger Tides,2011,https://m.media-amazon.com/images/M/MV5BMjE5MjkwODI3Nl5BMl5BanBnXkFtZTcwNjcwMDk4NA@@._V1_SX300.jpg,"Jack Sparrow and Barbossa embark on a quest to find the elusive fountain of youth, only to discover that Blackbeard and his daughter are after it too."
Pirates of the Caribbean: The Curse of the Black Pearl,2003,https://m.media-amazon.com/images/M/MV5BNGYyZGM5MGMtYTY2Ni00M2Y1LWIzNjQtYWUzM2VlNGVhMDNhXkEyXkFqcGdeQXVyMTMxODk2OTU@._V1_SX300.jpg,"Blacksmith Will Turner teams up with eccentric pirate ""Captain"" Jack Sparrow to save Elizabeth Swann, the governor's daughter and his love, from Jack's former pirate allies, who are now undead."
Predator,1987,https://m.media-amazon.com/images/M/MV5BY2QwYmFmZTEtNzY2Mi00ZWMyLWEwY2YtMGIyNGZjMWExOWEyXkEyXkFqcGdeQXVyNjUwNzk3NDc@._V1_SX300.jpg,A team of commandos on a mission in a Central American jungle find themselves hunted by an extraterrestrial warrior.
Predator 2,1990,https://m.media-amazon.com/images/M/MV5BZmVlNGZjNTktMTQ0Yi00MjkxLWFkYjQtMmJiOTZhNmNiNWJlXkEyXkFqcGdeQXVyMTcwOTQzOTYy._V1_SX300.jpg,"The Predator returns to Earth, this time to stake a claim on the war-torn streets of a dystopian Los Angeles."
Prometheus,2012,https://m.media-amazon.com/images/M/MV5BMTY3NzIyNTA2NV5BMl5BanBnXkFtZTcwNzE2NjI4Nw@@._V1_SX300.jpg,"Following clues to the origin of mankind, a team finds a structure on a distant moon, but they soon realize they are not alone."
Quantum of Solace,2008,https://m.media-amazon.com/images/M/MV5BMzhjYzlmYjQtYmU0Yy00NjNkLWFmOTQtZjQxZWU4NjY1Y2M4XkEyXkFqcGdeQXVyMjUzOTY1NTc@._V1_SX300.jpg,James Bond descends into mystery as he tries to stop a mysterious organisation from eliminating a country's most valuable resource.
Quest for Fire,1981,https://m.media-amazon.com/images/M/MV5BMWExOWQxYzktZDA1MC00Yzg4LWEyNmItOWJhYmRkMTI5YTNhXkEyXkFqcGdeQXVyMjUzOTY1NTc@._V1_SX300.jpg,This story takes place in prehistoric time when three tribesmen search for a new fire source.
Rambo: First Blood Part II,1985,https://m.media-amazon.com/images/M/MV5BZWFkY2I1ZDAtNmZhNS00NjVlLWJiMGQtMGQ1ZmM0ZDA5ODg5XkEyXkFqcGdeQXVyMTQxNzMzNDI@._V1_SX300.jpg,Rambo returns to the jungles of Vietnam on a mission to infiltrate an enemy base-camp and rescue the American POWs still held captive there.
Real Steel,2011,https://m.media-amazon.com/images/M/MV5BMjEzMzEzNjg0N15BMl5BanBnXkFtZTcwMzg4NDk0Ng@@._V1_SX300.jpg,"In the near future, robot boxing is a top sport. A struggling ex-boxer feels he's found a champion in a discarded robot."
Remo Williams: The Adventure Begins,1985,https://m.media-amazon.com/images/M/MV5BMzQzNjc4NDAtMTZmMC00NDUzLTg5MDctMWUzZTVkY2Y1NTE1XkEyXkFqcGdeQXVyMjcwNDczMjY@._V1_SX300.jpg,"An officially ""dead"" cop is trained to become an extraordinary unique assassin in service of the US President."
Rise of the Planet of the Apes,2011,https://m.media-amazon.com/images/M/MV5BYzE3ZmNlZTctMDdmNy00MjMzLWFmZmYtN2M5N2YyYTQ1ZDJjXkEyXkFqcGdeQXVyNTAyODkwOQ@@._V1_SX300.jpg,A substance designed to help the brain repair itself gives advanced intelligence to a chimpanzee who leads an ape uprising.
RoboCop,1987,https://m.media-amazon.com/images/M/MV5BZWVlYzU2ZjQtZmNkMi00OTc3LTkwZmYtZDVjNmY4OWFmZGJlXkEyXkFqcGdeQXVyMTQxNzMzNDI@._V1_SX300.jpg,"In a dystopic and crime-ridden Detroit, a terminally wounded cop returns to the force as a powerful cyborg haunted by submerged memories."
RoboCop 2,1990,https://m.media-amazon.com/images/M/MV5BMjI3OTEyOTAxMl5BMl5BanBnXkFtZTcwMTA0NzE1NA@@._V1_SX300.jpg,"RoboCop returns to protect the citizens of old Detroit but faces a deadly challenge when a rogue OCP member secretly creates a new, evil RoboCop 2."
RoboCop 3,1993,https://m.media-amazon.com/images/M/MV5BYTVlYjZiMGEtZWQyMy00NTE5LWFmNmYtNjFjMjk1YjNiOGZmXkEyXkFqcGdeQXVyMTUzMDUzNTI3._V1_SX300.jpg,"Robocop saves the day once more. This time the half man/half robot takes on ruthless developers who want to evict some people on ""their"" land."
Rocky Balboa,2006,https://m.media-amazon.com/images/M/MV5BMTM2OTUzNDE3NV5BMl5BanBnXkFtZTcwODczMzkzMQ@@._V1_SX300.jpg,"Thirty years after the ring of the first bell, Rocky Balboa comes out of retirement and dons his gloves for his final fight against the reigning heavyweight champ Mason 'The Line' Dixon."
Signs,2002,https://m.media-amazon.com/images/M/MV5BNDUwMDUyMDAyNF5BMl5BanBnXkFtZTYwMDQ3NzM3._V1_SX300.jpg,"A widowed former reverend living with his children and brother on a Pennsylvania farm finds mysterious crop circles in their fields, which suggests something more frightening to come."
Spectre,2015,https://m.media-amazon.com/images/M/MV5BOWQ1MDE1NzgtNTQ4OC00ZjliLTllZDAtN2IyOTVmMTc5YjUxXkEyXkFqcGdeQXVyNzkwMjQ5NzM@._V1_SX300.jpg,"A cryptic message from James Bond's past sends him on a trail to uncover the existence of a sinister organisation named SPECTRE. With a new threat dawning, Bond learns the terrible truth about the author of all his pain in his mos..."
Spider-Man 2,2004,https://m.media-amazon.com/images/M/MV5BMzY2ODk4NmUtOTVmNi00ZTdkLTlmOWYtMmE2OWVhNTU2OTVkXkEyXkFqcGdeQXVyMTQxNzMzNDI@._V1_SX300.jpg,Peter Parker is beset with troubles in his failing personal life as he battles a former brilliant scientist named Otto Octavius.
Spider-Man 3,2007,https://m.media-amazon.com/images/M/MV5BYTk3MDljOWQtNGI2My00OTEzLTlhYjQtOTQ4ODM2MzUwY2IwXkEyXkFqcGdeQXVyNTIzOTk5ODM@._V1_SX300.jpg,"A strange black entity from another world bonds with Peter Parker and causes inner turmoil as he contends with new villains, temptations, and revenge."
Spider-Man: Homecoming,2017,https://m.media-amazon.com/images/M/MV5BODY2MTAzOTQ4M15BMl5BanBnXkFtZTgwNzg5MTE0MjI@._V1_SX300.jpg,"Peter Parker balances his life as an ordinary high school student in Queens with his superhero alter-ego Spider-Man, and finds himself on the trail of a new menace prowling the skies of New York City."
Superman: Red Son,2020,https://m.media-amazon.com/images/M/MV5BMDg3NDc5YzEtOTk1My00ZTZhLTlmNjctZTJlNjYzZjE0MTI1XkEyXkFqcGdeQXVyNTgyNTA4MjM@._V1_SX300.jpg,"What if baby Kal-El's rocket landed, not in Kansas, but in the Soviet Union? That is the premise of this Elseworld's tale from DC Comics."
Superman Returns,2006,https://m.media-amazon.com/images/M/MV5BNDUzZGRhNzktYTZkMC00YWFiLTljMDEtMTk2OWJhYzAyYmY2XkEyXkFqcGdeQXVyNTIzOTk5ODM@._V1_SX300.jpg,"Superman returns to Earth after spending five years in space examining his homeworld Krypton. But he finds things have changed while he was gone, and he must once again prove himself important to the world."
Terminator 2: Judgment Day,1991,https://m.media-amazon.com/images/M/MV5BMGU2NzRmZjUtOGUxYS00ZjdjLWEwZWItY2NlM2JhNjkxNTFmXkEyXkFqcGdeQXVyNjU0OTQ0OTY@._V1_SX300.jpg,"A cyborg, identical to the one who failed to kill Sarah Connor, must now protect her ten year old son John from an even more advanced and powerful cyborg."
Terminator 3: Rise of the Machines,2003,https://m.media-amazon.com/images/M/MV5BMTk5NzM1ODgyN15BMl5BanBnXkFtZTcwMzA5MjAzMw@@._V1_SX300.jpg,A machine from a post-apocalyptic future travels back in time to protect a man and a woman from an advanced robotic assassin to ensure they both survive a nuclear attack.
Terminator: Dark Fate,2019,https://m.media-amazon.com/images/M/MV5BNzhlYjE5MjMtZDJmYy00MGZmLTgwN2MtZGM0NTk2ZTczNmU5XkEyXkFqcGdeQXVyMTkxNjUyNQ@@._V1_SX300.jpg,"An augmented human and Sarah Connor must stop an advanced liquid Terminator from hunting down a young girl, whose fate is critical to the human race."
Terminator Genisys,2015,https://m.media-amazon.com/images/M/MV5BMjM1NTc0NzE4OF5BMl5BanBnXkFtZTgwNDkyNjQ1NTE@._V1_SX300.jpg,"When John Connor, leader of the human resistance, sends Sgt. Kyle Reese back to 1984 to protect Sarah Connor and safeguard the future, an unexpected turn of events creates a fractured timeline."
Terminator Salvation,2009,https://m.media-amazon.com/images/M/MV5BODBlOTJhZjItMGRmYS00YzM1LWFmZTktOTJmNDMyZTBjMjBkXkEyXkFqcGdeQXVyMjMwNDgzNjc@._V1_SX300.jpg,"In 2018, a mysterious new weapon in the war against the machines, half-human and half-machine, comes to John Connor on the eve of a resistance attack on Skynet. But whose side is he on, and can he be trusted?"
The Amazing Spider-Man 2,2014,https://m.media-amazon.com/images/M/MV5BOTA5NDYxNTg0OV5BMl5BanBnXkFtZTgwODE5NzU1MTE@._V1_SX300.jpg,"When New York is put under siege by Oscorp, it is up to Spider-Man to save the city he swore to protect as well as his loved ones."
The Avengers,2012,https://m.media-amazon.com/images/M/MV5BNDYxNjQyMjAtNTdiOS00NGYwLWFmNTAtNThmYjU5ZGI2YTI1XkEyXkFqcGdeQXVyMTMxODk2OTU@._V1_SX300.jpg,Earth's mightiest heroes must come together and learn to fight as a team if they are going to stop the mischievous Loki and his alien army from enslaving humanity.
The Butterfly Effect,2004,https://m.media-amazon.com/images/M/MV5BODNiZmY2MWUtMjFhMy00ZmM2LTg2MjYtNWY1OTY5NGU2MjdjL2ltYWdlXkEyXkFqcGdeQXVyNTAyODkwOQ@@._V1_SX300.jpg,"Evan Treborn suffers blackouts during significant events of his life. As he grows up, he finds a way to remember these lost memories and a supernatural way to alter his life by reading his journal."
The Butterfly Effect 2,2006,https://m.media-amazon.com/images/M/MV5BYjkzN2I0YWYtZjk1Ny00ZmNhLWE1MjYtMDE2MjkyNmQ5NmU1XkEyXkFqcGdeQXVyMjQwMjk0NjI@._V1_SX300.jpg,Nick Larson discovers a supernatural way to alter his life and travel back in time to key moments in his life by looking at photographs.
The Client,1994,https://m.media-amazon.com/images/M/MV5BNGY1NTU2NGUtMDNhZS00ZjE0LWE4ODItZWRmZTkwYjYwMTQ0XkEyXkFqcGdeQXVyMTEwNDU1MzEy._V1_SX300.jpg,A young boy who witnessed the suicide of a mafia lawyer hires an attorney to protect him when the District Attorney tries to use him to take down a mob family.
The Hunt for Red October,1990,https://m.media-amazon.com/images/M/MV5BZDdkODg3YzctMGVmZS00ZDM5LWIzNTctZDRlMjA5Mjc4MGViXkEyXkFqcGdeQXVyODE5NzE3OTE@._V1_SX300.jpg,"In November 1984, the Soviet Union's best submarine captain violates orders and heads for the U.S. in a new undetectable sub. The American CIA and military must quickly determine: Is he trying to defect or to start a war?"
The Illusionist,2006,https://m.media-amazon.com/images/M/MV5BY2VkMzZlZDAtNTkzNS00MDIzLWFmOTctMWQwZjQ1OWJiYzQ1XkEyXkFqcGdeQXVyNTIzOTk5ODM@._V1_SX300.jpg,"In turn-of-the-century Vienna, a magician uses his abilities to secure the love of a woman far above his social standing."
The International,2009,https://m.media-amazon.com/images/M/MV5BMjE3Njg5NzY2OV5BMl5BanBnXkFtZTcwMDMxNjEwMg@@._V1_SX300.jpg,An Interpol agent attempts to expose a high-profile financial institution's role in an international arms dealing ring.
The Karate Kid,1984,https://m.media-amazon.com/images/M/MV5BNTkzY2YzNmYtY2ViMS00MThiLWFlYTEtOWQ1OTBiOGEwMTdhXkEyXkFqcGdeQXVyMTQxNzMzNDI@._V1_SX300.jpg,"Recently relocated from NJ to LA, Daniel becomes the target of a gang of Cobra Kai dojo students. When Mr. Miyagi saves him with expert Karate skills, Daniel convinces him to teach him to defend himself, and put his bullies in the..."
The Karate Kid Part II,1986,https://m.media-amazon.com/images/M/MV5BMDdjNDJjOWYtZDNkYy00MTM3LTlhY2EtNzMxMjhhMjU3OTFmXkEyXkFqcGdeQXVyMTUzMDUzNTI3._V1_SX300.jpg,"Daniel accompanies his mentor, Mr. Miyagi, to Miyagi's childhood home in Okinawa. Miyagi visits his dying father and confronts his old rival, while Daniel falls in love and inadvertently makes a new rival of his own."
The Karate Kid Part III,1989,https://m.media-amazon.com/images/M/MV5BODk0NzA4MTMtNGQ3Zi00OTdlLThiZmQtOTI0YWEyNDFiMTg2XkEyXkFqcGdeQXVyNTUyMzE4Mzg@._V1_SX300.jpg,"Ostracised villain John Kreese attempts to gain revenge on Daniel and Miyagi, with the help of a Vietnam War comrade, the wealthy owner of a toxic waste disposal business."
The Lives of Others,2006,https://m.media-amazon.com/images/M/MV5BNmQyNmJjM2ItNTQzYi00ZjMxLWFjMDYtZjUyN2YwZDk5YWQ2XkEyXkFqcGdeQXVyMjUzOTY1NTc@._V1_SX300.jpg,"In 1984 East Berlin, an agent of the secret police, conducting surveillance on a writer and his lover, finds himself becoming increasingly absorbed by their lives."
The Man Who Wasn't There,2001,https://m.media-amazon.com/images/M/MV5BYjEwMGZkYTgtMTA5Ny00OWFhLTgzMWItYjhhMWUxYTIxNDgwXkEyXkFqcGdeQXVyNTc1NTQxODI@._V1_SX300.jpg,"A laconic, chain-smoking barber blackmails his wife's boss and lover for money to invest in dry cleaning, but his plan goes terribly wrong."
The Next Karate Kid,1994,https://m.media-amazon.com/images/M/MV5BODFjOTk3NTMtNTZkYi00ZWVjLTg2ZDItMTM1ODVlMDA0MmViXkEyXkFqcGdeQXVyMTcwOTQzOTYy._V1_SX300.jpg,Mr. Miyagi is back and he takes a new pupil under his wing: a troubled adolescent girl.
The Others,2001,https://m.media-amazon.com/images/M/MV5BYjVhMmM3ZTMtNzIzOS00YTY4LTkxNTAtOTA5Mjk3YzMwMzA2XkEyXkFqcGdeQXVyNDE0OTU3NDY@._V1_SX300.jpg,"In 1945, immediately following the end of Second World War, a woman who lives with her two photosensitive children on her darkened old family estate in the Channel Islands becomes convinced that the home is haunted."
The Prestige,2006,https://m.media-amazon.com/images/M/MV5BMjA4NDI0MTIxNF5BMl5BanBnXkFtZTYwNTM0MzY2._V1_SX300.jpg,"After a tragic accident, two stage magicians in 1890s London engage in a battle to create the ultimate illusion while sacrificing everything they have to outwit each other."
The Ring,2002,https://m.media-amazon.com/images/M/MV5BNDA2NTg2NjE4Ml5BMl5BanBnXkFtZTYwMjYxMDg5._V1_SX300.jpg,A journalist must investigate a mysterious videotape which seems to cause the death of anyone one week to the day after they view it.
The Sixth Sense,1999,https://m.media-amazon.com/images/M/MV5BMWM4NTFhYjctNzUyNi00NGMwLTk3NTYtMDIyNTZmMzRlYmQyXkEyXkFqcGdeQXVyMTAwMzUyOTc@._V1_SX300.jpg,"Malcolm Crowe, a child psychologist, starts treating a young boy, Cole, who encounters dead people and convinces him to help them. In turn, Cole helps Malcolm reconcile with his estranged wife."
The Spy Who Loved Me,1977,https://m.media-amazon.com/images/M/MV5BZDJhOTgyMTUtMDVhOS00MzRlLTk0MjYtYjI5NzhhMTExMTc1XkEyXkFqcGdeQXVyNDY2MTk1ODk@._V1_SX300.jpg,"James Bond investigates the hijacking of British and Russian submarines carrying nuclear warheads, with the help of a K.G.B. agent whose lover he killed."
The Terminator,1984,https://m.media-amazon.com/images/M/MV5BYTViNzMxZjEtZGEwNy00MDNiLWIzNGQtZDY2MjQ1OWViZjFmXkEyXkFqcGdeQXVyNzkwMjQ5NzM@._V1_SX300.jpg,"A human soldier is sent from 2029 to 1984 to stop an almost indestructible cyborg killing machine, sent from the same year, which has been programmed to execute a young woman whose unborn son is the key to humanity's future salvat..."
The Thing,1982,https://m.media-amazon.com/images/M/MV5BNGViZWZmM2EtNGYzZi00ZDAyLTk3ODMtNzIyZTBjN2Y1NmM1XkEyXkFqcGdeQXVyNTAyODkwOQ@@._V1_SX300.jpg,A research team in Antarctica is hunted by a shape-shifting alien that assumes the appearance of its victims.
The Wolverine,2013,https://m.media-amazon.com/images/M/MV5BNzg1MDQxMTQ2OF5BMl5BanBnXkFtZTcwMTk3MjAzOQ@@._V1_SX300.jpg,"Wolverine comes to Japan to meet an old friend whose life he saved years ago, and gets embroiled in a conspiracy involving yakuza and mutants."
"Those Were The Days, Senor Don Simon!",1941,https://m.media-amazon.com/images/M/MV5BYmI0MzVjY2ItNjFhYS00N2E5LTg5ZjgtYjYyNmRlYzM4YmJjXkEyXkFqcGdeQXVyMzU0NzkwMDg@._V1_SX300.jpg,A not very grief stricken young widow flutters her hand fan between a dashing young soldier and an elderly politician in this Belle Epoque era musical comedy.
Timeline,2003,https://m.media-amazon.com/images/M/MV5BMTg5OTAyNDE3NV5BMl5BanBnXkFtZTYwOTkzMzE3._V1_SX300.jpg,"A group of archaeologists get embroiled in an adventure where they must travel back in time to 14th Century France, to save their professor before the French battle the English at Castlegard. If they fail, they won't be able to re..."
Tomorrow Never Dies,1997,https://m.media-amazon.com/images/M/MV5BMTM1MTk2ODQxNV5BMl5BanBnXkFtZTcwOTY5MDg0NA@@._V1_SX300.jpg,James Bond sets out to stop a media mogul's plan to induce a war between China and the United Kingdom.
Top Gun,1986,https://m.media-amazon.com/images/M/MV5BZjQxYTA3ODItNzgxMy00N2Y2LWJlZGMtMTRlM2JkZjI1ZDhhXkEyXkFqcGdeQXVyNDk3NzU2MTQ@._V1_SX300.jpg,"As students at the United States Navy's elite fighter weapons school compete to be best in the class, one daring young pilot learns a few things from a civilian instructor that are not taught in the classroom."
U.S. Marshals,1998,https://m.media-amazon.com/images/M/MV5BYmM1MTVhMzctMWVhNi00NDM0LWJlNGItMDE4ZTY0ZTAwODgzXkEyXkFqcGdeQXVyMjUzOTY1NTc@._V1_SX300.jpg,"U.S. Marshal Samuel Gerard and his team of Marshals are assigned to track down Sheridan, who has been accused of a double-murder."
Under Siege,1992,https://m.media-amazon.com/images/M/MV5BMTlhZmE4Y2EtYjA3ZS00MzBhLTgyZjgtMTBjODEyZTRkNDAxXkEyXkFqcGdeQXVyMTUzMDUzNTI3._V1_SX300.jpg,An ex-Navy Seal turned cook is the only person who can stop a group of terrorists when they seize control of a U.S. battleship.
Under Siege 2: Dark Territory,1995,https://m.media-amazon.com/images/M/MV5BZWFjNzhjZTYtMmYxOS00YTBhLTkxM2YtYTVjMGQwYzMzYWU1XkEyXkFqcGdeQXVyMTUzMDUzNTI3._V1_SX300.jpg,"Casey Ryback hops on a Colorado to LA train to start a vacation with his niece. Early into the trip, terrorists board the train and use it as a mobile HQ to hijack a top secret destructive US satellite."
Underground,1995,https://m.media-amazon.com/images/M/MV5BNzI4YTVmMWEtMWQ3MS00OGE1LWE5YjMtNjc4NWJmYjRmZTQyXkEyXkFqcGdeQXVyNTA4NzY1MzY@._V1_SX300.jpg,"Two underground black marketeers, Marko and Blacky, sell weapons to the Communist resistance in wartime Belgrade, living the good life along the way."
Van Helsing,2004,https://m.media-amazon.com/images/M/MV5BODRmY2NhNDItOWViNi00OTIyLTk3YjYtYzY0YTFlMDg1YzQ0L2ltYWdlL2ltYWdlXkEyXkFqcGdeQXVyMTQxNzMzNDI@._V1_SX300.jpg,"The famed monster hunter is sent to Transylvania to stop Count Dracula, who is using Dr. Frankenstein's research and a werewolf for nefarious purposes."
War for the Planet of the Apes,2017,https://m.media-amazon.com/images/M/MV5BNDNmYTQzMDEtMmY0MS00OTNjLTk4MjItMDZhMzkzOGI3MzA0XkEyXkFqcGdeQXVyNjk5NDA3OTk@._V1_SX300.jpg,"After the apes suffer unimaginable losses, Caesar wrestles with his darker instincts and begins his own mythic quest to avenge his kind."
Wonder Woman,2017,https://m.media-amazon.com/images/M/MV5BMTYzODQzYjQtNTczNC00MzZhLTg1ZWYtZDUxYmQ3ZTY4NzA1XkEyXkFqcGdeQXVyODE5NzE3OTE@._V1_SX300.jpg,"When a pilot crashes and tells of conflict in the outside world, Diana, an Amazonian warrior in training, leaves home to fight a war, discovering her full powers and true destiny."
X-Men,2000,https://m.media-amazon.com/images/M/MV5BZmIyMDk5NGYtYjQ5NS00ZWQxLTg2YzQtZDk1ZmM4ZDBlN2E3XkEyXkFqcGdeQXVyMTQxNzMzNDI@._V1_SX300.jpg,"In a world where mutants (evolved super-powered humans) exist and are discriminated against, two groups form for an inevitable clash: the supremacist Brotherhood, and the pacifist X-Men."
X-Men: Apocalypse,2016,https://m.media-amazon.com/images/M/MV5BMjU1ODM1MzYxN15BMl5BanBnXkFtZTgwOTA4NDE2ODE@._V1_SX300.jpg,"In the 1980s, the X-Men must defeat an ancient all-powerful mutant, En Sabah Nur, who intends to thrive by bringing destruction to the world."
X-Men: Days of Future Past,2014,https://m.media-amazon.com/images/M/MV5BNjk3MGZhMjEtOTM4NC00NzE2LTk2NzctZDc4YTUwN2E3NDhhXkEyXkFqcGdeQXVyNDc2NjEyMw@@._V1_SX300.jpg,The X-Men send Wolverine to the past in a desperate effort to change history and prevent an event that results in doom for both humans and mutants.
X-Men: First Class,2011,https://m.media-amazon.com/images/M/MV5BMTg5OTMxNzk4Nl5BMl5BanBnXkFtZTcwOTk1MjAwNQ@@._V1_SX300.jpg,"In the 1960s, superpowered humans Charles Xavier and Erik Lensherr work together to find others like them, but Erik's vengeful pursuit of an ambitious mutant who ruined his life causes a schism to divide them."
X-Men Origins: Wolverine,2009,https://m.media-amazon.com/images/M/MV5BZWRhMzdhMzEtZTViNy00YWYyLTgxZmUtMTMwMWM0NTEyMjk3XkEyXkFqcGdeQXVyNTIzOTk5ODM@._V1_SX300.jpg,"The early years of James Logan, featuring his rivalry with his brother Victor Creed, his service in the special forces team Weapon X, and his experimentation into the metal-lined mutant Wolverine."
X-Men: The Last Stand,2006,https://m.media-amazon.com/images/M/MV5BNDBhNDJiMWEtOTg4Yi00NTYzLWEzOGMtMjNmNjAxNTBlMzY3XkEyXkFqcGdeQXVyNTIzOTk5ODM@._V1_SX300.jpg,"The human government develops a cure for mutations, and Jean Grey becomes a darker uncontrollable persona called the Phoenix who allies with Magneto, causing escalation into an all-out battle for the X-Men."
X2: X-Men United,2003,https://m.media-amazon.com/images/M/MV5BNDk0NjYxMzIzOF5BMl5BanBnXkFtZTYwMTc1MjU3._V1_SX300.jpg,"When anti-mutant Colonel William Stryker kidnaps Professor X and attacks his school, the X-Men must ally with their archenemy Magneto to stop him."
¡De panzazo!,2012,https://m.media-amazon.com/images/M/MV5BM2E4NjY0N2UtZDZjMy00MjQ1LTg3NjEtZjM2ZTk1OWRmYTM3XkEyXkFqcGdeQXVyMzM4NTg1NjY@._V1_SX300.jpg,N/A
Æon Flux,2005,https://m.media-amazon.com/images/M/MV5BMTc2Mzg0NjA2N15BMl5BanBnXkFtZTcwOTc5NjQzMw@@._V1_SX300.jpg,"Æon Flux is a mysterious assassin working for the Monicans, a group of rebels trying to overthrow the government. When she is sent on a mission to kill the Chairman, a whole new mystery is found."
